{"modelName":"snort_data","displayName":"snort_data","description":"","objectSummary":{"Event-Based":4,"Transaction-Based":0,"Search-Based":0},"objects":[{"objectName":"snort_data","displayName":"snort_data","parentName":"BaseEvent","fields":[{"fieldName":"_time","owner":"BaseEvent","type":"timestamp","fieldSearch":"","required":false,"multivalue":false,"hidden":false,"editable":true,"displayName":"_time","comment":""},{"fieldName":"host","owner":"BaseEvent","type":"string","fieldSearch":"","required":false,"multivalue":false,"hidden":false,"editable":true,"displayName":"host","comment":""},{"fieldName":"source","owner":"BaseEvent","type":"string","fieldSearch":"","required":false,"multivalue":false,"hidden":false,"editable":true,"displayName":"source","comment":""},{"fieldName":"sourcetype","owner":"BaseEvent","type":"string","fieldSearch":"","required":false,"multivalue":false,"hidden":false,"editable":true,"displayName":"sourcetype","comment":""}],"calculations":[{"outputFields":[{"fieldName":"attack_type","owner":"snort_data","type":"string","fieldSearch":"","required":false,"multivalue":false,"hidden":false,"editable":true,"displayName":"attack_type","comment":""}],"inputField":"_raw","calculationID":"d8kxp8dfs5","owner":"snort_data","editable":true,"comment":"","calculationType":"Rex","expression":"\\[\\*\\*\\] \\[\\d+\\:\\d+\\:\\d+\\]\\s*(?<attack_type>.+?)\\s*\\[\\*\\*\\]"},{"outputFields":[{"fieldName":"classification","owner":"snort_data","type":"string","fieldSearch":"","required":false,"multivalue":false,"hidden":false,"editable":true,"displayName":"classification","comment":""}],"inputField":"_raw","calculationID":"04mylz2djg8n","owner":"snort_data","editable":true,"comment":"","calculationType":"Rex","expression":"\\[\\*\\*\\]\\s*\\[Classification: (?<classification>[^\\]]+)"},{"outputFields":[{"fieldName":"protocal","owner":"snort_data","type":"string","fieldSearch":"","required":false,"multivalue":false,"hidden":false,"editable":true,"displayName":"protocal","comment":""}],"inputField":"_raw","calculationID":"4scmlsfdx1e","owner":"snort_data","editable":true,"comment":"","calculationType":"Rex","expression":"(?<protocal>\\w+) TTL:"},{"outputFields":[{"fieldName":"src_ip","owner":"snort_data","type":"string","fieldSearch":"","required":false,"multivalue":false,"hidden":false,"editable":true,"displayName":"src_ip","comment":""}],"inputField":"_raw","calculationID":"6gophc6bcs6","owner":"snort_data","editable":true,"comment":"","calculationType":"Rex","expression":"(?<src_ip>\\d+\\.\\d+\\.\\d+\\.\\d+)(?:\\:\\d+)* -> \\d+\\.\\d+\\.\\d+\\.\\d+(?:\\:\\d+)*\\s*$"},{"outputFields":[{"fieldName":"dest_ip","owner":"snort_data","type":"string","fieldSearch":"","required":false,"multivalue":false,"hidden":false,"editable":true,"displayName":"dest_ip","comment":""}],"inputField":"_raw","calculationID":"vvt05dd1guf","owner":"snort_data","editable":true,"comment":"","calculationType":"Rex","expression":"\\d+\\.\\d+\\.\\d+\\.\\d+(?:\\:\\d+)* -> (?<dest_ip>\\d+\\.\\d+\\.\\d+\\.\\d+)(?:\\:\\d+)*\\s*$"},{"outputFields":[{"fieldName":"src_port","owner":"snort_data","type":"string","fieldSearch":"","required":false,"multivalue":false,"hidden":false,"editable":true,"displayName":"src_port","comment":""}],"inputField":"_raw","calculationID":"3q28ppeun28","owner":"snort_data","editable":true,"comment":"","calculationType":"Rex","expression":"\\d+\\.\\d+\\.\\d+\\.\\d+\\:(?<src_port>\\d+) ->"},{"outputFields":[{"fieldName":"dest_port","owner":"snort_data","type":"string","fieldSearch":"","required":false,"multivalue":false,"hidden":false,"editable":true,"displayName":"dest_port","comment":""}],"inputField":"_raw","calculationID":"0j7covcp34bo","owner":"snort_data","editable":true,"comment":"","calculationType":"Rex","expression":"-> \\d+\\.\\d+\\.\\d+\\.\\d+\\:(?<dest_port>\\d+)\\s*$"},{"outputFields":[{"fieldName":"bytes","owner":"snort_data","type":"string","fieldSearch":"","required":false,"multivalue":false,"hidden":false,"editable":true,"displayName":"bytes","comment":""}],"inputField":"_raw","calculationID":"hopt1z7nnin","owner":"snort_data","editable":true,"comment":"","calculationType":"Rex","expression":"DgmLen:(?<bytes>\\d+)"},{"outputFields":[{"fieldName":"priority","owner":"snort_data","type":"string","fieldSearch":"","required":false,"multivalue":false,"hidden":false,"editable":true,"displayName":"priority","comment":""}],"inputField":"_raw","calculationID":"qj5yo3cmiqj","owner":"snort_data","editable":true,"comment":"","calculationType":"Rex","expression":"\\[Priority: (?<priority>[^\\]]+)"},{"outputFields":[{"fieldName":"ttl","owner":"snort_data","type":"string","fieldSearch":"","required":false,"multivalue":false,"hidden":false,"editable":true,"displayName":"ttl","comment":""}],"inputField":"_raw","calculationID":"4l53k1sas3p","owner":"snort_data","editable":true,"comment":"","calculationType":"Rex","expression":"TTL:(?<ttl>\\d+)"},{"outputFields":[{"fieldName":"TcpLen","owner":"snort_data","type":"string","fieldSearch":"","required":false,"multivalue":false,"hidden":false,"editable":true,"displayName":"TcpLen","comment":""}],"inputField":"_raw","calculationID":"1gmehoa8rv","owner":"snort_data","editable":true,"comment":"","calculationType":"Rex","expression":"TcpLen:(?<TcpLen>\\d+)"},{"outputFields":[{"fieldName":"TcpLen","owner":"snort_data","type":"string","fieldSearch":"","required":false,"multivalue":false,"hidden":false,"editable":true,"displayName":"TcpLen","comment":""}],"inputField":"_raw","calculationID":"dlpg6couw66","owner":"snort_data","editable":true,"comment":"","calculationType":"Rex","expression":"TcpLen:(?<TcpLen>\\d+)"}],"constraints":[{"search":"index=\"security\" sourcetype=\"snort\"","owner":"snort_data"}],"lineage":"snort_data"},{"objectName":"Priority_Low","displayName":"Priority_Low","parentName":"snort_data","fields":[{"fieldName":"_time","owner":"BaseEvent","type":"timestamp","fieldSearch":"","required":false,"multivalue":false,"hidden":false,"editable":true,"displayName":"_time","comment":""},{"fieldName":"host","owner":"BaseEvent","type":"string","fieldSearch":"","required":false,"multivalue":false,"hidden":false,"editable":true,"displayName":"host","comment":""},{"fieldName":"source","owner":"BaseEvent","type":"string","fieldSearch":"","required":false,"multivalue":false,"hidden":false,"editable":true,"displayName":"source","comment":""},{"fieldName":"sourcetype","owner":"BaseEvent","type":"string","fieldSearch":"","required":false,"multivalue":false,"hidden":false,"editable":true,"displayName":"sourcetype","comment":""}],"calculations":[],"constraints":[{"search":"priority=3","owner":"snort_data.Priority_Low"}],"lineage":"snort_data.Priority_Low"},{"objectName":"Priority_Medium","displayName":"Priority_Medium","parentName":"snort_data","fields":[{"fieldName":"_time","owner":"BaseEvent","type":"timestamp","fieldSearch":"","required":false,"multivalue":false,"hidden":false,"editable":true,"displayName":"_time","comment":""},{"fieldName":"host","owner":"BaseEvent","type":"string","fieldSearch":"","required":false,"multivalue":false,"hidden":false,"editable":true,"displayName":"host","comment":""},{"fieldName":"source","owner":"BaseEvent","type":"string","fieldSearch":"","required":false,"multivalue":false,"hidden":false,"editable":true,"displayName":"source","comment":""},{"fieldName":"sourcetype","owner":"BaseEvent","type":"string","fieldSearch":"","required":false,"multivalue":false,"hidden":false,"editable":true,"displayName":"sourcetype","comment":""}],"calculations":[],"constraints":[{"search":"priority=2","owner":"snort_data.Priority_Medium"}],"lineage":"snort_data.Priority_Medium"},{"objectName":"Priority_High","displayName":"Priority_High","parentName":"snort_data","fields":[{"fieldName":"_time","owner":"BaseEvent","type":"timestamp","fieldSearch":"","required":false,"multivalue":false,"hidden":false,"editable":true,"displayName":"_time","comment":""},{"fieldName":"host","owner":"BaseEvent","type":"string","fieldSearch":"","required":false,"multivalue":false,"hidden":false,"editable":true,"displayName":"host","comment":""},{"fieldName":"source","owner":"BaseEvent","type":"string","fieldSearch":"","required":false,"multivalue":false,"hidden":false,"editable":true,"displayName":"source","comment":""},{"fieldName":"sourcetype","owner":"BaseEvent","type":"string","fieldSearch":"","required":false,"multivalue":false,"hidden":false,"editable":true,"displayName":"sourcetype","comment":""}],"calculations":[],"constraints":[{"search":"priority=1","owner":"snort_data.Priority_High"}],"lineage":"snort_data.Priority_High"}],"objectNameList":["snort_data","Priority_Low","Priority_Medium","Priority_High"]}